{
    "https://education.yandex.ru/handbook/ml/article/about": "data/page_2.html",
    "https://education.yandex.ru/handbook/ml/article/pervie-shagi": "data/page_3.html",
    "https://education.yandex.ru/handbook/ml/article/mashinnoye-obucheniye": "data/page_4.html",
    "https://education.yandex.ru/handbook/ml/article/linear-models": "data/page_5.html",
    "https://education.yandex.ru/handbook/ml/article/metricheskiye-metody": "data/page_6.html",
    "https://education.yandex.ru/handbook/ml/article/reshayushchiye-derevya": "data/page_7.html",
    "https://education.yandex.ru/handbook/ml/article/ansambli-v-mashinnom-obuchenii": "data/page_8.html",
    "https://education.yandex.ru/handbook/ml/article/gradientnyj-busting": "data/page_9.html",
    "https://education.yandex.ru/handbook/ml/article/metriki-klassifikacii-i-regressii": "data/page_10.html",
    "https://education.yandex.ru/handbook/ml/article/kross-validaciya": "data/page_11.html",
    "https://education.yandex.ru/handbook/ml/article/podbor-giperparametrov": "data/page_12.html",
    "https://education.yandex.ru/handbook/ml/article/veroyatnostnyj-podhod-v-ml": "data/page_13.html",
    "https://education.yandex.ru/handbook/ml/article/eksponencialnyj-klass-raspredelenij-i-princip-maksimalnoj-entropii": "data/page_14.html",
    "https://education.yandex.ru/handbook/ml/article/obobshyonnye-linejnye-modeli": "data/page_15.html",
    "https://education.yandex.ru/handbook/ml/article/kak-ocenivat-veroyatnosti": "data/page_16.html",
    "https://education.yandex.ru/handbook/ml/article/generativnyj-podhod-k-klassifikacii": "data/page_17.html",
    "https://education.yandex.ru/handbook/ml/article/bajesovskij-podhod-k-ocenivaniyu": "data/page_18.html",
    "https://education.yandex.ru/handbook/ml/article/modeli-s-latentnymi-peremennymi": "data/page_19.html",
    "https://education.yandex.ru/handbook/ml/article/nejronnye-seti": "data/page_20.html",
    "https://education.yandex.ru/handbook/ml/article/pervoe-znakomstvo-s-polnosvyaznymi-nejrosetyami": "data/page_21.html",
    "https://education.yandex.ru/handbook/ml/article/metod-obratnogo-rasprostraneniya-oshibki": "data/page_22.html",
    "https://education.yandex.ru/handbook/ml/article/tonkosti-obucheniya": "data/page_23.html",
    "https://education.yandex.ru/handbook/ml/article/svyortochnye-nejroseti": "data/page_24.html",
    "https://education.yandex.ru/handbook/ml/article/nejroseti-dlya-raboty-s-posledovatelnostyami": "data/page_25.html",
    "https://education.yandex.ru/handbook/ml/article/transformery": "data/page_26.html",
    "https://education.yandex.ru/handbook/ml/article/grafovye-nejronnye-seti": "data/page_27.html",
    "https://education.yandex.ru/handbook/ml/article/nejroseti-dlya-oblakov-tochek": "data/page_28.html",
    "https://education.yandex.ru/handbook/ml/article/obuchenie-predstavlenij": "data/page_29.html",
    "https://education.yandex.ru/handbook/ml/article/distillyaciya-znanij": "data/page_30.html",
    "https://education.yandex.ru/handbook/ml/article/vvedenie-v-generativnoe-modelirovanie": "data/page_31.html",
    "https://education.yandex.ru/handbook/ml/article/variational-autoencoder-(vae)": "data/page_32.html",
    "https://education.yandex.ru/handbook/ml/article/generativno-sostyazatelnye-seti-(gan)": "data/page_33.html",
    "https://education.yandex.ru/handbook/ml/article/normalizuyushie-potoki": "data/page_34.html",
    "https://education.yandex.ru/handbook/ml/article/diffuzionnye-modeli": "data/page_35.html",
    "https://education.yandex.ru/handbook/ml/article/yazykovye-modeli": "data/page_36.html",
    "https://education.yandex.ru/handbook/ml/article/intro-recsys": "data/page_37.html",
    "https://education.yandex.ru/handbook/ml/article/rekomendacii-na-osnove-matrichnyh-razlozhenij": "data/page_38.html",
    "https://education.yandex.ru/handbook/ml/article/kontentnye-rekomendacii": "data/page_39.html",
    "https://education.yandex.ru/handbook/ml/article/horoshie-svojstva-rekomendatelnyh-sistem": "data/page_40.html",
    "https://education.yandex.ru/handbook/ml/article/klasterizaciya": "data/page_41.html",
    "https://education.yandex.ru/handbook/ml/article/vremennye-ryady": "data/page_42.html",
    "https://education.yandex.ru/handbook/ml/article/analitika-vremennyh-ryadov": "data/page_43.html",
    "https://education.yandex.ru/handbook/ml/article/modeli-vida-arima": "data/page_44.html",
    "https://education.yandex.ru/handbook/ml/article/zadacha-ranzhirovaniya": "data/page_45.html",
    "https://education.yandex.ru/handbook/ml/article/obuchenie-s-podkrepleniem": "data/page_46.html",
    "https://education.yandex.ru/handbook/ml/article/kraudsorsing": "data/page_47.html",
    "https://education.yandex.ru/handbook/ml/article/bias-variance-decomposition": "data/page_48.html",
    "https://education.yandex.ru/handbook/ml/article/teoriya-glubokogo-obucheniya-vvedenie": "data/page_49.html",
    "https://education.yandex.ru/handbook/ml/article/obobshayushaya-sposobnost-klassicheskaya-teoriya": "data/page_50.html",
    "https://education.yandex.ru/handbook/ml/article/pac-bajesovskie-ocenki-riska": "data/page_51.html",
    "https://education.yandex.ru/handbook/ml/article/seti-beskonechnoj-shiriny": "data/page_52.html",
    "https://education.yandex.ru/handbook/ml/article/landshaft-funkcii-poter": "data/page_53.html",
    "https://education.yandex.ru/handbook/ml/article/implicit-bias": "data/page_54.html",
    "https://education.yandex.ru/handbook/ml/article/optimizaciya-v-ml": "data/page_55.html",
    "https://education.yandex.ru/handbook/ml/article/proksimalnye-metody": "data/page_56.html",
    "https://education.yandex.ru/handbook/ml/article/metody-vtorogo-poryadka": "data/page_57.html",
    "https://education.yandex.ru/handbook/ml/article/shodimost-sgd": "data/page_58.html",
    "https://education.yandex.ru/handbook/ml/article/onlajn-obuchenie-i-stohasticheskaya-optimizaciya": "data/page_59.html",
    "https://education.yandex.ru/handbook/ml/article/adaptivnyj-ftrl": "data/page_60.html",
    "https://education.yandex.ru/handbook/ml/article/regulyarizaciya-v-onlajn-obuchenii": "data/page_61.html",
    "https://education.yandex.ru/handbook/ml/article/metody-optimizacii-v-deep-learning": "data/page_62.html",
    "https://education.yandex.ru/handbook/ml/article/matrichnoe-differencirovanie": "data/page_63.html",
    "https://education.yandex.ru/handbook/ml/article/matrichnaya-faktorizaciya": "data/page_64.html",
    "https://education.yandex.ru/handbook/ml/article/veroyatnostnye-raspredeleniya": "data/page_65.html",
    "https://education.yandex.ru/handbook/ml/article/mnogomernye-raspredeleniya": "data/page_66.html",
    "https://education.yandex.ru/handbook/ml/article/nezavisimost-i-uslovnye-raspredeleniya-veroyatnostej": "data/page_67.html",
    "https://education.yandex.ru/handbook/ml/article/parametricheskie-ocenki": "data/page_68.html",
    "https://education.yandex.ru/handbook/ml/article/entropiya-i-semejstvo-eksponencialnyh-raspredelenij": "data/page_69.html"
}